company_name,website,emails,phones,address,city,country,niche,sources,confidence
"Úgy néz ki, mégis lesz karácsonyi vásárBudapesten- Blikk",https://www.blikk.hu/politika/magyar-politika/karacsonyi-vasar-szervezo-megis-lesz-budapest-vorosmarty-ter-budapest-brand/dtczgpy,online@blikk.hu,+3614885700,"Városmajor utca 11., Budapest, Hungary",Budapest,Hungary,esemény szervező,ddg_search,1.0
Esküvő,https://www.tablazat.hu/rendezvenyszervezes/eskuvo.html,kocsi@tablazat.hu,+3614890303,"Nádorliget u. 8/C, 1117, Budapest, HU",Budapest,HU,esemény szervező,ddg_search,1.0
"CoworkingBudapest| ÖnkiszolgálóIroda0-24, Podcast...",https://eco-office.hu,info@eco-office.hu,+36501046116,"Izabella utca 68/b, 1064, Budapest, HU",Budapest,HU,esemény szervező,ddg_search,1.0
Economx,https://www.economx.hu/magyar-gazdasag/atletikai-vb-budapest-magyarorszag-allami-tamogatas.790749.html,f1a1bdee034389db2d31d33a13befec0@o4508887325474816.ingest.de.sentry.io,+3612077078,,,,esemény szervező,ddg_search,0.9
Rólunk -BudapestVarieté,https://www.budapestvariete.hu/rolunk,info@budapestvariete.hu,+36307340771,,,,esemény szervező,ddg_search,0.9
Szervezőkrészére,https://pilot-system.com/szervezoknek,office@pilot-system.com,"+36303709271, +36302076379, +36706034346",,,,esemény szervező,ddg_search,0.9
Reflow Events rendezvényszervező cég és ügynökség,https://www.reflowevents.hu,hello@reflowevents.hu,+36306565339,,,,esemény szervező,ddg_search,0.9
Következő események,https://www.europarl.europa.eu/thinktank/hu/events/upcoming-events,"epbudapest@europarl.europa.eu, epbrussels@europarl.europa.eu, epstrasbourg@europarl.europa.eu, epluxembourg@europarl.europa.eu","+3614113540, +3222841722, +33388174001, +352430022411, +3222842111, +35243001",,,,esemény szervező,ddg_search,0.9
Kezdőoldal,https://essentiaevent.hu,essentiaevent@essentiaevent.hu,+36303789561,,,,esemény szervező,ddg_search,0.9
Rendezvényszervező CV,https://cvminta.com/esemeny-szervezo-oneletrajz,contact@resumedone.io,"+447883304929, +3619830220, +36203525432, +3619830230, +3619730121",,,,esemény szervező,ddg_search,0.9
SZAKÉ Event Studio,https://szake-events.hu,szakedesign@gmail.com,+36204984353,,,,esemény szervező,ddg_search,0.9
Központi személyes ügyfélszolgálatiirodaBudapesten- Kezdőlap,https://vizmuvek.hu/hu/kezdolap/informaciok/hivatalos-kozerdeku/ugyfelszolgalati-elerhetosegek/budapesti_iroda,hibabejelentes@vizmuvek.hu,+36207342199,,,,esemény szervező,ddg_search,0.9
Kezdőlap |Budapestiiroda| Európai Parlament,https://budapest.europarl.europa.eu,epbudapest@europarl.europa.eu,+3614113540,,,,esemény szervező,ddg_search,0.9
KAPTÁR közösségiiroda- coworkingBudapest,https://kaptarbudapest.hu,hello@kaptarbudapest.hu,+36306843996,,,,esemény szervező,ddg_search,0.9
Kiadoingatlan,https://www.kiadoingatlan.com/kiado-iroda/budapest-xix-kerulet-kispest-ulloi/major-laszlo-viktoria-ingatlan/862_bli,"info@lakascentrum.hu, berbeado@gmail.com",+36303300101,,,,esemény szervező,ddg_search,0.9
Eladóiroda/üzlethelyiségBudapest| Ingatlanok.hu,https://ingatlanok.hu/elado/iroda/budapest,hirdetes@marcopolo.hu,"+3629900000, +36380000000, +36500000000, +3649000000, +3652900000, +3679900000, +3649900000, +36300000000, +36219000000, +3611500000",,,,esemény szervező,ddg_search,0.9
Budapest Hajóbérlés,https://budapesthajoberles.hu/kapcsolat,"hostess@budapestevent.hu, info@budapestevent.hu","+3619509960, +36302812566, +36309316397",,,,esemény szervező,ddg_search,0.9
"BudapestEvent Hostess Ügynökség, Hostess bérlés Budapest",https://budapesteventhostess.hu/kapcsolat,hostess@budapestevent.hu,"+3619509960, +36302812566, +36309316397",,,,esemény szervező,ddg_search,0.9
Hungary,http://www.1hungary.com/search/budapest_xxii_kerulet/business_travel/congress_organiser-p1,paintball@paintball.hu,"+36209462767, +3619892026",,,,esemény szervező,ddg_search,0.9
Cevent.hu | Kreatív rendezvényszervező ügynökség,https://cevent.hu/en,info@cevent.hu,"+36302989885, +36305358203, +36303538203",,,,esemény szervező,ddg_search,0.9
Expert Corporate Event Management Company in Budapest,https://pearllemonexperiences.com/event-management-company-budapest-hungary,"info@pearllemongroup.com, me@deepakshukla.com","+16502784421, +442071833436, +447454539583",,,,esemény szervező,ddg_search,0.9
Meetings & Events | InterContinental Budapest,https://www.budapest.intercontinental.com/en/events,"icbudapest.sales@ihg.com, budapest@ihg.com","+3613276366, +3680018893, +3680080321",,,,esemény szervező,ddg_search,0.9
CorinthiaBudapest| Royal HotelBudapest| Corinthia,https://www.corinthia.com/en-gb/budapest/contact-us,"budapest@corinthia.com, reservations.budapest@corinthia.com, concierge.budapest@corinthia.com, events.budapest@corinthia.com, royalspa@corinthia.com, fandbcoordinator.budapest@corinthia.com, jobs.budapest@corinthia.com","+3614794000, +3614794811, +3614794800, +3614794721, +3614794650, +3614794850, +3614794880",,,,esemény szervező,ddg_search,0.9
"Élményfutás 3,5 km",https://www.ligetelmenyfutas.hu/3-5-km,nevezes@futanet.hu,"+3619960921, +3619910921, +3619960920, +3619860921, +3619910920, +3619810921, +3619860920, +3619760921, +3619810920, +3619710921, +3619760920, +3619660921, +3619710920, +3619610921, +3619660920, +3619560921, +3619610920, +3619510921, +3619560920, +3619460921, +3619510920",,,,esemény szervező,ddg_search,0.9
"Öböl félmaraton (21,1 km)",https://www.balatonszupermaraton.hu/obol-felmaraton-211km,nevezes@futanet.hu,"+3619960228, +3619910228, +3619960227, +3619860228, +3619910227, +3619810228, +3619860227, +3619760228, +3619810227, +3619710228, +3619760227, +3619660228, +3619710227, +3619610228, +3619660227, +3619560228, +3619610227, +3619510228, +3619560227, +3619460228, +3619510227",,,,esemény szervező,ddg_search,0.9
Auch im Winter sportlich: Marathon Event in Budapest |,https://www.ungarn-tv.com/auch-im-winter-sportlich-marathon-event-in-budapest-25180.html,sk@flyingmedia.de,"+3627032026, +3626032026, +3628012026",,,,esemény szervező,ddg_search,0.9
Eseménynaptár,https://ktenet.hu/esemenynaptar,"info@ktenet.hu, szabo.orsolya@ktenet.hu, szanku.kitti@ktenet.hu",+3613532005,,,,esemény szervező,ddg_search,0.9
D-Line rendezvényszervezés,https://d-line.hu/rendezvenyszervezo-budapest,info@d-line.hu,"+36309649975, +3619902025",,,,esemény szervező,ddg_search,0.9
Céges rendezvényszervezés profi módon | Touché Event Kft.,https://toucheevent.hu,"ajanlat@touche.hu, kovacsjanos@gmail.com","+36303837939, +36204294124",,,,esemény szervező,ddg_search,0.9
RENDEZVÉNYSZERVEZÉS,https://elevenevents.hu/hu/bolt/kategoria/rendezvenyszervezes,info@elevenevents.hu,+36707031314,,,,esemény szervező,ddg_search,0.9
Hello Agency,https://helloagency.hu/szolgaltatasaink/rendezvenyek,agency@helloagency.hu,+3613651788,,,,esemény szervező,ddg_search,0.9
Jbagency,https://jbagency.hu,"hello@jbagency.hu, alexandra@jbagency.hu, nora@jbagency.hu, info@jbevent.hu","+36304026566, +36204166596",,,,esemény szervező,ddg_search,0.9
Rendezvényszervező ügynökség,https://www.hybridagency.hu/en,hello@hybridagency.hu,+36702229322,,,,esemény szervező,ddg_search,0.9
"Teljes körű, professzionális rendezvényszervezés Budapest",https://smarteventbudapest.com,info@smarteventbudapest.com,+36306518491,,,,esemény szervező,ddg_search,0.9
Programok,https://www.hbcc.eu/frontend/web/program,"eu-bg@hbcc.eu, kamara@hbcc.eu, ambassador@bolgarborok.hu","+3617001715, +3617151900, +3617001730, +3625062024, +3618301845, +3618452030, +359887788710, +36306559589, +3618012022, +3629092021, +3618452100, +3624062019",,,,esemény szervező,ddg_search,0.9
MKKP,https://ketfarkukutya.mkkp.party/kapcsolat,"ketfarkukutya@gmail.com, mkkpetikaibizottsag@gmail.com, elnokseg@mkkp.hu",+36304629941,,,,esemény szervező,ddg_search,0.9
Kapcsolat és elérhetőségek,https://budapestfun.hu/kapcsolat,"hostess@budapestevent.hu, info@budapestfun.hu","+3619509960, +36302812566, +36309316397",,,,esemény szervező,ddg_search,0.9
Meeting Budapest,https://meetingbudapest.hu/kapcsolat,"meeting@meetingbudapest.hu, info@meetingbudapest.hu, szervezes@meetingbudapest.hu, tervezes@meetingbudapest.hu","+36309500240, +3614601150",,,,esemény szervező,ddg_search,0.9
KopProdukco Eseményszerevő elérhetőség,https://www.koprodukcio.hu/kapcsolat,"info@koprodukcio.hu, info@domainem.hu","+36704312928, +36703003054, +36709421106",,,,esemény szervező,ddg_search,0.9
Eventy,https://www.eventy.hu,info@eventy.com,+36300000000,,,,esemény szervező,ddg_search,0.9
www.eventushungary.com,https://www.eventushungary.com,eventus@eventushungary.com,+36705108778,,,,esemény szervező,ddg_search,0.9
Gála,https://gala.hu/kapcsolat,"hello@gala.hu, kerkom@gmail.com","+3612402777, +36309220270",,,,esemény szervező,ddg_search,0.9
Kapcsolat és elérhetőségek,https://budapestevent.hu/kapcsolat,"hostess@budapestevent.hu, info@budapestevent.hu","+3619509960, +36302812566, +36309316397",,,,esemény szervező,ddg_search,0.9
Eseményszervező kérdőívek | Survio,https://www.survio.com/hu/esemeny-szervezo-kerdoivek,support@survio.com,,"Palachovo náměstí 799/5, 62500, Brno, CZ",Brno,CZ,esemény szervező,ddg_search,0.75
Nézd meg azeseményösszefoglaló videóit!,https://www.sparbudapestmaraton.hu/nezd-meg-az-esemeny-osszefoglalo-videoit,nevezes@futanet.hu,,,,,esemény szervező,ddg_search,0.65
BudapestFintech Week – november végén rendezik meg...,https://fintech.hu/budapest-fintech-week-november-vegen-rendezik-meg-az-orszag-elso-kozossegi-szervezesu-fintech-esemenysorozatat,hello@fintechlab.hu,,,,,esemény szervező,ddg_search,0.65
RENDEZVÉNYSZERVEZÉS-cégesvagy családi? Cégkatalógusunk...,https://rendezvenyszervezes.lap.hu,"internetsales@centralmediacsoport.hu, centralmediacsoport@centralmediacsoport.hu, info@fenypontmedia.hu",,,,,esemény szervező,ddg_search,0.65
Jelentkezem szervezőnek – Társasjátékok éjszakája,https://www.tarsasjatekokejszakaja.hu/szervezo,info@tarsasjatekokejszakaja.hu,,,,,esemény szervező,ddg_search,0.65
Meghalt egy futó abudapestifélmaratonon,https://www.origo.hu/itthon/2013/09/meghalt-egy-futo-a-budapesti-felmaratonin,kapcsolat@origo.hu,,,,,esemény szervező,ddg_search,0.65
Budapest event planning & venues,https://www.wideweb.hu/english/locations/hungary+budapest+events.html,concerns@events.they,,,,,esemény szervező,ddg_search,0.65
Senior rendezvényszervező,https://eventrendkarrier.jobsoid.com/j/106665/senior-rendezvenyszervezo-gala-esemenyszervezo-ugynokseg,"xyz@example.com, vasarhelyi.anna@eventrend.hu",,,,,esemény szervező,ddg_search,0.65
JSConf Budapest 2024 Small Print,https://smallprint.tito.io/jsconf-bp/jsconf-budapest-2024,"privacy@jsconfbp.com, nec@jsconfbp.com",,,,,esemény szervező,ddg_search,0.65
Rendezvényszervező-Budapest- Ökumenikus Segélyszervezet,https://segelyszervezet.hu/cikkeink/rendezvenyszervezo-budapest,hr@segelyszervezet.hu,,,,,esemény szervező,ddg_search,0.65
Marketplace Summit,https://marketplacesummit.hu/en,"konferencia@ecommerce.hu, info@marketplacesummit.hu",,,,,esemény szervező,ddg_search,0.65
Event Planning Hungary,https://eventplanninghungary.com,info@eventplanninghungary.com,,,,,esemény szervező,ddg_search,0.65
Join Our Team!,https://www.wemovebudapest.com/join-our-team,info@wemovebudapest.com,,,,,esemény szervező,ddg_search,0.65
Event Organizer Hungary Kft.,https://ulpia.me/event-organizer/224,"leonard.laczko@dentalworld.hu, info@dentalworld.hu",,,,,esemény szervező,ddg_search,0.65
New York CaféBudapest,https://newyorkcafe.hu/en,newyorkcafe.reservation@cafeandevent.eu,,,,,esemény szervező,ddg_search,0.65
Eseménynaptár,https://www.mgyk.hu/esemenynaptar.html,hivatal@mgyk.hu,,,,,esemény szervező,ddg_search,0.65
TreEvent Team,https://treeventteam.com,info@treeventteam.com,,,,,esemény szervező,ddg_search,0.65
EventCompany,http://eventcompany.hu,contact@eventcompany.hu,,,,,esemény szervező,ddg_search,0.65
The Dinner Club Hungary: Wedding Decoration Budapest ...,https://www.dinnerclubhungary.com,"hello@dinnerclubhungary.com, user@domain.com",,,,,esemény szervező,ddg_search,0.65
Budapestfelmaraton,https://www.budapestfelmaraton.hu/rekordreszvetel-es-magyar-gyozelmek-a-40-wizz-air-budapest-felmaratonon,nevezes@futanet.hu,,,,,esemény szervező,ddg_search,0.65
NEMZETI ATLÉTIKAI KÖZPONT NYITÓFUTÁS | Sportnaptár,https://sportnaptar.hu/nemzeti-atletikai-kozpont-nyitofutas_32BD816467511898,,+36309850894,,,,esemény szervező,ddg_search,0.55
Rendezvényszervező Budapest: Kreatív ötletek,https://qjob.hu/budapest/pro/rendezvenyszervezo,,"+3614900436, +36702124206",,,,esemény szervező,ddg_search,0.55
RÓLUNK – Nextime,https://www.nextime.hu/rolunk,,+36303703161,,,,esemény szervező,ddg_search,0.55
EUI Kontakt Pont,https://www.urban-initiative.eu/urban-contact-points/hungary/about-us,,+36209855672,,,,esemény szervező,ddg_search,0.55
Maxapro,https://maxapro.hu/budapest-xiii-kerulet/elado-iroda-budapest-13-ker-13340725,,"+3662000000, +3669900000, +3655000000, +3657500000, +3694900000",,,,esemény szervező,ddg_search,0.55
KiadóirodaBudapest- Ingatlannet.hu,https://www.ingatlannet.hu/kiado-iroda-budapest,,+3615858650,,,,esemény szervező,ddg_search,0.55
InfoparkE- KiadóirodaBudapestNeumann János u. 1/E,https://www.irodakereso.hu/kiado-iroda-irodahaz/Budapest/XI-kerulet/Infopark-E-epulet,,"+36705214800, +36706847644",,,,esemény szervező,ddg_search,0.55
RendezvényszervezőMunkahelyekBudapest| Cvonline.hu,https://www.cvonline.hu/hu/allashirdetesek/rendezvenyszervezo/budapest,,+3626032026,,,,esemény szervező,ddg_search,0.55
MeetingBudapestRendezvényszervezõKft.,https://meeting-budapest-rendezvenyszervez-kft.cegteszt.eu,,+3614598061,,,,esemény szervező,ddg_search,0.55
Magyar CIVINET,https://civitas.eu/civinets/magyar-civinet/hu,,+351229397130,,,,esemény szervező,ddg_search,0.55
"Rendezvény,esküvő-és konferenciahelyszínek Budapesten",https://www.rendezvenyhelyszinek.hu/helyszinek/budapest,,+36309106075,,,,esemény szervező,ddg_search,0.55
Kormányzat,https://2015-2019.kormany.hu/hu/elerhetosegek,,"+3617952000, +3617950200, +3618964737, +3614411000, +3615501858, +3614411641, +3617951200, +3617951235, +3617954755, +3614741111, +3612365111, +3614741446, +36309992118, +3614741168, +3617951000, +3617950359, +3617959516, +3617958333, +3617951700, +3617950697, +3617956766, +3617953832, +3617956816, +3614581000, +3612125918, +3614581826, +3614583441, +3617959000, +3617950893, +3617955000, +3617950381, +3617951400, +3614728000, +3617950716, +3617959184, +3617955010",,,,esemény szervező,ddg_search,0.55
Kapcsolat | IBUSZ rendezvények | IBUSZ,https://www.ibusz.hu/rendezvenyek/kapcsolat,,+3614852700,,,,esemény szervező,ddg_search,0.55
Hvg,https://hvg.hu/itthon/20230826_atletikai_vb_budapest_hoseg_hoguta_a_sportban_globalis_felmelegedes,,,,,,esemény szervező,ddg_search,0.3
Rendezvényszervező irodák,https://rendezvenyszervezes.wyw.hu/Rendezvenyszervezo_Irodak_Budapest,,,,,,esemény szervező,ddg_search,0.3
"[PDF] Szabadság felelősen története Gödöllő, 2002-2013",http://www.reginanet.hu/20022013/magyar,,,,,,esemény szervező,ddg_search,0.3
Folytatódik abudapestifutószezon – jön az NN City...,https://holmozogj.hu/indul-a-budapesti-futoszezon-jon-az-nn-city-run-a-muegyetem-rakparton,,,,,,esemény szervező,ddg_search,0.3
"KiadóirodaBudapest, VII. kerület, Irodaházban 1254 m˛ iro...",https://aprohirdetesingyen.hu/kiado-iroda/41947629/kiado-iroda-budapest-vii-kerulet-irodahazban-1254-m-iro,,,,,,esemény szervező,ddg_search,0.3
Napraforgó Szervezőiroda Budapest,https://www.szervezoiroda.hu/home-2,,,,,,esemény szervező,ddg_search,0.3
rendezvényszervezőBudapest- 83 cég | NetHusky,https://nethusky.hu/rendezvenyszervezo-budapest,,,,,,esemény szervező,ddg_search,0.3
Corporate event venues in Hungary,https://www.micehungary.com,,,,,,esemény szervező,ddg_search,0.3
Google I/O Extended 2025Budapest| Google Developer Groups,https://gdg.community.dev/events/details/google-gdg-budapest-presents-google-io-extended-2025-budapest,,,,,,esemény szervező,ddg_search,0.3
Exoclick,https://www.exoclick.com/events,,,,,,esemény szervező,ddg_search,0.3
Bosch GroupEventorganizer| SmartRecruiters,https://jobs.smartrecruiters.com/BoschGroup/743999993658385-event-organizer,,,,,,esemény szervező,ddg_search,0.3
Mediatar,https://mediatar.spar.hu/sajtokozlemenyek/huszezer-resztvevot-varnak-a-maraton-fesztivalra,,,,,,esemény szervező,ddg_search,0.3
"Halloween HorrorCon 2025, Lurdy Konferencia és",https://stayhappening.com/e/halloween-horrorcon-2025-E2ISXJMMRH8,,,,,,esemény szervező,ddg_search,0.3
Rodrigo Ballester,https://europeanstudies.mcc.hu/person/rodrigo-ballester,,,,,,esemény szervező,ddg_search,0.3
info@ | Nem kategorizált,http://infokukac.com/category/uncategorized,,,,,,esemény szervező,ddg_search,0.3
Események,https://tedxdebrecen.com/esemeny,,,,,,esemény szervező,ddg_search,0.3
média | media,http://www.budapestjewelryweek.com/meacutedia--media.html,,,,,,esemény szervező,ddg_search,0.3
Silhouette Consulting Rendezvényügynökség,https://silhouetteconsulting.hu,,,,,,esemény szervező,ddg_search,0.3
Élőesemény-szervezésművészete: hogyan hozz...,https://unnepnapok.com/elo-esemeny-szervezes-muveszete-hogyan-hozz-letre-maradando-elmenyt,,,,,,esemény szervező,ddg_search,0.3
Lépjen Velünk Kapcsolatba | Sikeres Esemény Budapest,https://www.sikeresesemeny.com/kapcsolat,,,,,,esemény szervező,ddg_search,0.3
Budapesti céges rendezvényhelyszínek – Cégeshelyszínek.hu,https://www.cegeshelyszinek.hu/rendezvenyhelyszinek/budapest,,,,,,esemény szervező,ddg_search,0.3
FESTIPAY (@festipay_) · Budapest,https://www.x-hirlevel.hu/click.php,,,,,,esemény szervező,ddg_search,0.0
Virtuális Telekom Vivicittá 2025,https://www.telekomvivicitta.hu/virtualis-telekom-vivicitta-2025,,,,,,esemény szervező,ddg_search,0.0
SPAR 30 km -BudapestSportiroda (BSI) hivatalos weboldala,https://bpsportiroda.hu/30-km,,,,,,esemény szervező,ddg_search,0.0
Jelentkezem szervezőnek – Társasjátékok éjszakája,https://tje-24.tarsasjatekokejszakaja.hu/szervezo,,,,,,esemény szervező,ddg_search,0.0
